etorrent.me,ok,timeout
eventforex.info,ok,ok
every-seven-seconds.tumblr.com,ok,ok
exashare.com,timeout,timeout
excitingmatures.com,ok,timeout
excuse-me.net,other_error,other_error
exmasti.com,ok,ok
exoshare.com,ok,ok
exoticpics4u.com,ok,ok
extor.xyz,ok,ok
extorente.com,other_error,other_error
extorents.com,other_error,other_error
extorentz.download,other_error,other_error
extra.1080pdownload.net,other_error,other_error
extra.720pdownload.net,ok,ok
extra.fullhd-download.eu,other_error,other_error
extra.kickass-torrents.onl,other_error,other_error
extra.unbanthe.org,other_error,other_error
extra2.to,ok,ok
extracover.info,ok,ok
extracric.com,other_error,other_error
extradesimovies.com,ok,ok
extrafreetv.com,ok,timeout
extramovies.club,ok,ok
extramovies.co,ok,ok
extramovies.in,ok,ok
extramovies.org,ok,ok
extratorrent.3proxies.com,ok,timeout
extratorrent.adtwik.com,ok,timeout
extratorrent.ag,ok,ok
extratorrent.btsoup.com,other_error,other_error
extratorrent.bypassed.cab,ok,timeout
extratorrent.bypassed.plus,ok,ok
extratorrent.bypassed.team,ok,ok
extratorrent.cc,ok,ok
extratorrent.com.de,other_error,other_error
extratorrent.duhsoft.com,ok,timeout
extratorrent.filessoo.com,ok,ok
extratorrent.immunicity.cab,ok,timeout
extratorrent.immunicity.plus,ok,timeout
extratorrent.immunicity.team,ok,ok
extratorrent.isohunt.space,other_error,other_error
extratorrent.kickass-torrents.rocks,other_error,other_error
extratorrent.kickassproxy.eu,ok,ok
extratorrent.oceanmes.com,other_error,other_error
extratorrent.softarchi.com,ok,timeout
extratorrent.to,ok,ok
extratorrent.unblockall.xyz,ok,ok
extratorrent.unblocked.plus,ok,timeout
extratorrent.unblocked.team,ok,timeout
extratorrent2.cc,ok,ok
extratorrentproxy.ytstorrent.link,other_error,other_error
extratorrents.cx,ok,ok
extratorrents.unblockall.xyz,ok,ok
ezcast.tv,ok,ok
eztv.unblocked.at,ok,ok
eztv.unblocked.onl,ok,ok
eztv.unblocked.tw,ok,ok
eztv.unblocked.vip,ok,ok
facebook.com,ok,ok
fancylive.com,ok,timeout
fancystreems.com,other_error,other_error
fancytvs.com,ok,timeout
fanslounge.tv,ok,timeout
fantasticwomans.com,ok,timeout
farazahmed.com,ok,ok
fastpiratebay.co.uk,ok,ok
fastplay.cc,ok,ok
fastshare.cz,ok,ok
faststream.in,ok,ok
fatoon.info,other_error,other_error
fcore.eu,ok,ok
feed2all.eu,other_error,other_error
feed4u.meom.,other_error,other_error
feed4u.net,other_error,other_error
feed4u.tv,other_error,other_error
feverofmovies.com,other_error,other_error
fifastop.com,other_error,other_error
file.up09.com,ok,ok
filecloud.io,ok,ok
filedap.com,ok,ok
filedron.com,ok,ok
filedwon.info,ok,ok
filefreak.com,ok,ok
filehoot.com,ok,ok
filehub.in,ok,ok
filemoney.com,other_error,other_error
filemonkey.in,ok,timeout
filenuke.com,ok,ok
filenuke.net,ok,timeout
fileom.com,ok,ok
fileown.com,ok,ok
fileparadox.in,ok,ok
filerio.com,ok,ok
files.fzmovies.net,other_error,other_error
filesbomb.in,ok,ok
filescdn.com,ok,ok
filesfrog.net,ok,ok
filestube.to,ok,ok
filesupload.org,ok,ok
filevice.com,ok,ok
film21.in,other_error,other_error
filmfree4u.net,ok,ok
filmigirl.com,other_error,other_error
filmimovie.com,ok,timeout
filmiover.com,ok,timeout
filmlinks4u.is,ok,ok
filmlinks4u.org,ok,ok
filmsd.net,ok,ok
filmsfunda.com,ok,timeout
filmsmaza.com,ok,timeout
filmy-wap.com,ok,ok
filmy-wap.org,timeout,timeout
filmycounter.com,other_error,other_error
filmyfry.com,ok,ok
filmylife.in,ok,ok
filmymovie.in,other_error,other_error
filmymp4.com,ok,timeout
filmywap-mobile.com,ok,ok
filmywap.asia,other_error,other_error
filmywap.com,ok,ok
filmywap.desi,ok,ok
filmywap.guru,ok,ok
filmywap.life,ok,ok
filmywap.net,ok,ok
filmywap.site,ok,ok
filmywap.store,ok,ok
filmywap.ws,ok,ok
filmywap2017.store,other_error,other_error
filmywap9.in,other_error,other_error
filmywapi.in,other_error,other_error
firstpost.com,ok,ok
firstrowas.eu,other_error,other_error
firstrowas1.cc,ok,timeout
firstrowau.eu,other_error,other_error
firstrowes.eu,other_error,other_error
firstrowfr.eu,other_error,other_error
firstrowge.eu,other_error,other_error
firstrowir.eu,other_error,other_error
firstrowit.eu,other_error,other_error
firstrowne.eu,other_error,other_error
firstrows.biz,ok,timeout
firstrowsports.ge,other_error,other_error
firstrowuk1.eu,other_error,other_error
firstrowus.eu,ok,ok
firstrowus1.eu,ok,ok
flashsx.tv,other_error,other_error
flashtv.co,ok,ok
flashx.tv,ok,ok
fmovies.io,other_error,other_error
fmovies.is,ok,ok
fmovies.org,ok,ok
fmtorrent.com,ok,timeout
foncity.in,ok,ok
fonwapi.wapka.me,ok,ok
football-live-streaming.sx,ok,ok
footballembed.com,ok,ok
footballhd.ru,ok,ok
footcric.net,ok,ok
footdirect24.com,ok,ok
footfree.org,timeout,timeout
footystream.com,ok,ok
forrealzpiratebay.org,ok,ok
foto-erotica.es,ok,ok
foxcrickethighlights.com,ok,timeout
fr-nostradamus.com,ok,ok
fr.perfectgirls.net,ok,timeout
frauensuchenmann.net,other_error,other_error
freakshare.com,other_error,other_error
free4download.xyz,ok,ok
freeallied.in,other_error,other_error
freecalcio.eu,ok,ok
freeemoviez.com,ok,ok
freefootball.ws,ok,ok
freefullmovieonline.com,ok,ok
freehdmoviez.net,other_error,other_error
freehdspor.com,other_error,other_error
freehdsport.com,ok,timeout
freehdsport.is,ok,ok
freehindimovies.net,other_error,other_error
freeintertv.com,ok,timeout
freelivedesitv.com,other_error,other_error
freelivefussball.de,ok,ok
freelivesport.eu,ok,ok
freelivesports.co,ok,ok
freemoviedownload.me,ok,ok
freemovieonline.co,ok,timeout
freemoviesonline.me,ok,ok
freemoviewatchonline.com,ok,ok
freesex.com,ok,ok
freetv.pk,ok,ok
freetvall.com,ok,ok
freetvall.me,ok,ok
freeworld4u.net.in,ok,ok
freex.mobi,ok,ok
frendz4m.in,ok,ok
fresh-galleries.com,ok,ok
freshmatureporn.com,ok,ok
freshvideo.net,ok,ok
fridaycinemas.net,ok,ok
friendstamilchat.com,ok,timeout
fromplay.com,ok,ok
fromplay.org,other_error,other_error
fromsport.me,ok,ok
fsiblog.com,ok,ok
fsicrew.info,ok,ok
fuck-milf.com,ok,ok
fuckdc.com,ok,ok
fuckmaturewhore.com,ok,timeout
fuckmycheatingslutwife.tumblr.com,ok,ok
fuckmyindianass.com,ok,timeout
fuckworld.xyz,ok,timeout
fuckyourcrew.org,other_error,other_error
full-movieonline4u.blogspot.in,ok,ok
full2entertain.com,ok,ok
fullfreemovie.me,other_error,other_error
fullfreemovies.me,ok,ok
fullhd720.com,ok,ok
fullhdmasti.com,other_error,other_error
fullhindimovies.in,other_error,other_error
fullmaza.net,ok,ok
fullmovie.altechtips.com,other_error,other_error
fullmovie1k.com,ok,timeout
fullmovie1k.net,other_error,other_error
fullmovie8k.com,other_error,other_error
fullmovieb.com,ok,timeout
fullmovieb.in,other_error,other_error
fullmovied.com,ok,timeout
fullmoviedownload.co.in,ok,ok
fullmoviedownloadhd.blogspot.in,ok,ok
fullmoviedownloads6102.blogspot.in,ok,ok
fullmoviees.com,other_error,other_error
fullmovieflix.com,other_error,other_error
fullmoviegold.club,other_error,other_error
fullmoviehq.com,other_error,other_error
fullmoviehub.in,ok,ok
fullmoviek.com,other_error,other_error
fullmovieluv.in,other_error,other_error
fullmovieonline077.blogspot.in,ok,ok
fullmovieonlinehd.in,ok,ok
fullmovieonlinewatch.com,ok,ok
fullmoviepk.net,other_error,other_error
fullmovierulz.info,other_error,other_error
fullmovierulz7k.com,other_error,other_error
fullmovies2u.com,ok,ok
fullmoviesfree4u.com,ok,ok
fullmoviesfree4u.info,other_error,other_error
fullmoviesjet.net,other_error,other_error
fullmoviesonline.info,ok,ok
fullmoviesonlinehd.com,ok,timeout
fullmoviespoint.com,ok,ok
fullmovieswatchonlinehd.com,ok,ok
fullmoviev.com,other_error,other_error
fullmoviewatchonline.com,ok,timeout
fullmoviewatchonlinefree.com,ok,ok
fullnewmoviesonline.com,other_error,other_error
fullonlinemovierulz.com,ok,timeout
fullsportlive.org,ok,ok
fullvids.xyz,ok,timeout
fun4buddy.com,other_error,other_error
funcinema.net,other_error,other_error
fungiri.com,ok,ok
funkeysports.com,ok,ok
funlovers.in,other_error,other_error
funmovies.net,ok,ok
fusionbd99.com,ok,ok
fussball-live-streams.com,ok,ok
futbolarg.tv,ok,ok
futbolsinlimites.pw,other_error,other_error
futebolaovivogratis.org,ok,ok
fzm.in,other_error,other_error
fzm1.fzmovies.net,other_error,other_error
fzmovies.ind.in,other_error,other_error
fzmovies.net,ok,ok
fzmovies.xyz,ok,ok
fzmoviez.me,ok,ok
fzupplaods.com,other_error,other_error
gameofbay.org,ok,timeout
gameregis.xyz,other_error,other_error
gamestorrento.com,other_error,other_error
gamovideo.com,ok,ok
ganduworld.com,ok,ok
ganduworld.net,other_error,other_error
gaypornium.com,ok,ok
gcric.com,ok,ok
genti.stream,ok,ok
getmovie4u.com,other_error,other_error
getmovies4u.com,other_error,other_error
geupload.com,ok,ok
gevron.com,ok,ok
ghanatvon.com,other_error,other_error
gibomovies.com,ok,ok
gilli.tv,ok,ok
gingle.in,ok,ok
giostreams.eu,ok,ok
girlmature.com,ok,timeout
girlygifporn.com,ok,ok
girthyencounters.tumblr.com,ok,ok
gist.github.com,ok,ok
gisttrace.com,ok,timeout
github.com,ok,ok
global4free.in,ok,ok
glodls.immunicity.cab,ok,ok
glodls.to,ok,ok
glotorrents.com,ok,ok
gnula.nu,ok,ok
go4up.com,ok,ok
go8pm.com,other_error,other_error
goatd.net,ok,ok
goatdee.net,ok,ok
goatdhenet.net,other_error,other_error
goatdnet.net,ok,ok
godao.com,ok,timeout
gofirstrow.eu,ok,ok
gofirstrowuk.eu,other_error,other_error
golden-moms.com,ok,timeout
goldenshara.org,ok,ok
goldmovies.org,ok,ok
gomovies.sc,ok,ok
goo.gl,ok,ok
googlevideo.com,ok,ok
googlitv.com,ok,timeout
gooogletv.com,ok,ok
gooool.org,ok,ok
gostream.is,ok,ok
gouines.pornoxxxl.net,other_error,other_error
gracefulnudes.com,ok,ok
gramateurs.com,ok,ok
grandmabesttube.com,ok,ok
grannyxxx.co.uk,other_error,other_error
greatgrandmasti2016hindimoviedownload.blogspot.in,ok,ok
greattimepass.com,ok,timeout
greenwoodnursery.mobi,other_error,other_error
gurumaza.com,ok,timeout
h33t.to,ok,ok
haindavakerelam.com,other_error,other_error
hairy.com,ok,ok
hamariweb.com,ok,ok
happymovie.org,other_error,other_error
happytamil.com,ok,ok
hard.pornoxxl.org,other_error,other_error
hardsexyoupornhub.com,ok,ok
hastebin.com,ok,ok
hawkhd.me,ok,timeout
hd.crichd.be,other_error,other_error
hd.watchcrichd.com,ok,ok
hd247.in,other_error,other_error
hd4all.eu,other_error,other_error
hd9.in,ok,ok
hdavimovies.org,other_error,other_error
hdbabu.com,other_error,other_error
hdbuffer.com,ok,ok
hdbuffs.com,ok,ok
hdcast.org,other_error,other_error
hdcinemas.in,ok,ok
hdcric.crichd.com,other_error,other_error
hddigital.net,other_error,other_error
hdembed.com,ok,timeout
hdfilmsz.com,other_error,other_error
hdfree.tv,ok,ok
hdfreemovies.in,ok,timeout
hdking.co,ok,ok
hdking.mobi,ok,timeout
hdlatestmovies.com,ok,ok
hdlive247.com,other_error,other_error
hdmizone.in,other_error,other_error
hdmovie16.com,ok,timeout
hdmovie16.in,ok,ok
hdmovie16.tv,other_error,other_error
hdmovie16.ws,ok,ok
hdmovie24.biz,other_error,other_error
hdmovie24.in,ok,ok
hdmovie24.me,ok,ok
hdmovie24.net,ok,ok
hdmovie24.org,other_error,other_error
hdmoviecounter.info,other_error,other_error
hdmoviedownload.gq,other_error,other_error
hdmoviedownload.info,ok,ok
hdmoviehunt.info,other_error,other_error
hdmoviekit.net,other_error,other_error
hdmoviepix.net,other_error,other_error
hdmovieplus.net,ok,ok
hdmoviepoint.com,ok,ok
hdmovierulz.in,ok,ok
hdmovies300.com,ok,timeout
hdmovies720.com,other_error,other_error
hdmoviesboss.com,ok,ok
hdmoviesclub.net,other_error,other_error
hdmoviescounter.net,ok,ok
hdmoviesfree.ga,ok,ok
hdmoviesfree.net,ok,timeout
hdmoviesking.com,ok,timeout
hdmovieslab.com,ok,timeout
hdmovieslab.net,ok,timeout
hdmoviespix.com,ok,timeout
hdmoviespoint.biz,ok,ok
hdmoviespoint.club,ok,ok
hdmoviespoint.info,ok,ok
hdmoviespoint9x.com,other_error,other_error
hdmoviespop.com,other_error,other_error
hdmoviespop.net,other_error,other_error
hdmoviespy.com,other_error,other_error
hdmoviesrack.com,ok,ok
hdmoviesworld.in,other_error,other_error
hdmovietheatre.com,ok,ok
hdmoviewatchs.com,other_error,other_error
hdmoviez.me,ok,ok
hdmp4cinemas.com,ok,timeout
hdmp4mania.com,ok,ok
hdmp4mania.net,ok,ok
hdmusic20.com,ok,timeout
hdmusic23.com,ok,ok
hdmusic23.net,other_error,other_error
hdmusic25.com,ok,ok
hdmusic26.com,ok,ok
hdmusic30.com,ok,ok
hdmusic40.com,ok,timeout
hdmusic420.com,ok,timeout
hdmusic90.co,ok,ok
hdmusic90.com,ok,timeout
hdmusic99.in,other_error,other_error
hdmusic99.me,ok,ok
hdmusicboss.com,ok,timeout
hdmvi.com,ok,ok
hdmyt.info,ok,ok
hdnewsex.com,other_error,other_error
hdpopcorn.xyz,ok,ok
hdpopcorns.com,ok,ok
hdshows.in,ok,ok
hdsongsvilla.xyz,other_error,other_error
hdsport.net,ok,ok
hdsports.me,ok,ok
hdtamilgun.com,ok,timeout
hdtorrent4u.com,other_error,other_error
hdupload.me,ok,ok
hdvidz.co,ok,ok
hdwale.com,ok,timeout
hdwide.co,ok,ok
hdwon.co,ok,timeout
hdx24.net,other_error,other_error
hdzhibo.com,other_error,other_error
heroupload.com,ok,ok
hhmovies.com,ok,timeout
hiddenharmonies.org,ok,ok
hide.me,ok,ok
hidester.com,ok,ok
highlightsme.com,ok,ok
highquality.in,ok,ok
hihimovies.com,ok,ok
hindi-full-movie-hd.net,other_error,other_error
hindi-full-movies.net,other_error,other_error
hindi-moviehd.com,other_error,other_error
hindi-movies.bollyv4u.com,ok,ok
hindi-movies.net,other_error,other_error
hindi-sex.net,other_error,other_error
hindifilmnews.com,ok,timeout
hindilikers.com,other_error,other_error
hindilinks4u.biz,ok,ok
hindilinks4u.net.pk,other_error,other_error
hindilinks4u.to,ok,ok
hindimoviedownload.in,ok,ok
hindimovies.bollyv4u.com,ok,ok
hindimovies2017.com,other_error,other_error
hindimoviesonline.cc,ok,ok
hindimoviesonline.co,ok,ok
hindimoviesonline.site,ok,ok
hindimoviesonline.xyz,ok,ok
hindimoviesonlines.cc,ok,ok
hindimoviesonlines.co,ok,ok
hindimoviesonlines.com,ok,timeout
hindimoviesonlines.net,ok,ok
hindiold.com,ok,timeout
hindionlinemovie.com,ok,ok
hindivids.xyz,ok,ok
hindujagruti.org,ok,ok
hitfile.net,ok,ok
hitmovie.co,ok,timeout
hollame.com,ok,timeout
hollybollymp4.com,other_error,other_error
hollywoodjizz.com,ok,timeout
hollywoodmoviess.com,ok,ok
home.crichd.com,ok,ok
homerun.re,ok,ok
homerun.realantv.net,other_error,other_error
horny-matures.net,other_error,other_error
horrormoviesonline.in,other_error,other_error
hostingbulk.com,ok,ok
hot-dates.info,ok,ok
hot-naked-milfs.com,ok,timeout
hotamateurclip.com,other_error,other_error
hotelmatures.com,ok,ok
hotfreemilfs.com,ok,timeout
hothomemadepix.tumblr.com,ok,ok
hotklix.com,ok,ok
hotmovie24.com,ok,ok
hotmovie24.net,other_error,other_error
hotstar.top,ok,ok
house-streaming.org,other_error,other_error
hqlinks.net,ok,timeout
hqlive.info,ok,ok
hqvdo.com,ok,timeout
httorrent.com,other_error,other_error
hubfiles.pw,ok,ok
hugefiles.net,ok,ok
hulkfile.eu,ok,ok
humanrights-iran.ir,timeout,timeout
hungrymatures.com,ok,ok
hunt.kickass-torrents.club,other_error,other_error
hunt.pirateproxy.website,other_error,other_error
hyfytv.com,ok,ok
hyperproxy.net,ok,ok
i-pagal.xyz,other_error,other_error
ibollytv.com,other_error,other_error
ibrodtv.net,ok,ok
icc.crictime.is,ok,ok
icematures.com,ok,ok
idimsports.eu,other_error,other_error
idope.bypassed.gold,ok,ok
idope.se,ok,ok
idope.ukunblock.bid,other_error,other_error
idope.ukunblock.download,ok,timeout
idope.ukunblock.pw,ok,ok
idope.unblock.co,ok,ok
idope.unblock.party,other_error,other_error
idope.unblock.racing,other_error,other_error
idope.unblock.review,other_error,other_error
idope.unblock.site,other_error,other_error
idope.unblock.top,other_error,other_error
idope.unblock.trade,other_error,other_error
idope.unblock.webcam,other_error,other_error
idope.usunblock.faith,other_error,other_error
idope.usunblock.host,other_error,other_error
idope.usunblock.pw,ok,ok
idope1.bypassed.gold,ok,ok
idope1.immunicity.gold,ok,ok
idope1.unblocked.gold,ok,timeout
idope2.bypassed.gold,ok,ok
idope2.immunicity.gold,ok,ok
idope2.unblocked.gold,ok,ok
idowatch.net,ok,timeout
ifirstrowus.eu,other_error,other_error
iloveindiansex.com,ok,ok
ilovematurewomen.tumblr.com,ok,ok
imaturewomen.com,ok,ok
imdbmovie.net,other_error,other_error
immoralmatures.com,ok,ok
immunicity.fyi,ok,ok
immunicity.gold,ok,ok
immunicity.live,ok,ok
immunicity.ltd,ok,ok
immunicity.today,ok,ok
immunicity.video,other_error,other_error
immunicity.world,ok,ok
imovieclub.xyz,other_error,other_error
imovies4you.com,timeout,timeout
in.spankbang.com,ok,ok
index-of-stream.com,ok,ok
indexofmovies.in,ok,ok
indexofmovies.org,timeout,timeout
indiafunz.com,ok,timeout
indiamafia.com,ok,ok
indian-pakistani-girls.com,ok,ok
indian-porn-sex.com,ok,ok
indiandhamal.com,ok,ok
indianhomevideo.com,ok,ok
indianhotjokes.blogspot.in,ok,ok
indianmovietgp.com,ok,timeout
indianparadise.net,ok,ok
indianporntube.xxx,other_error,other_error
indiansex4u.com,ok,ok
indiansexpics.net,ok,ok
indiansexvideos.org,other_error,other_error
indiansexwebcams.com,ok,timeout
indianvidz.com,ok,ok
indishare.com,ok,ok
indoshares.com,ok,timeout
indosports.tv,ok,ok
indostreamix.com,ok,ok
ineedtorrent.net,other_error,other_error
infoboy.in,ok,ok
infomovieshare.net,other_error,other_error
inlovewithboobs.com,ok,ok
inobux.com,other_error,other_error
insext.net,ok,ok
intichat.com,ok,timeout
ipagalmovie.info,other_error,other_error
iphone7-unreal80.us,other_error,other_error
ipl-live-streaming.com,other_error,other_error
iraqgoals.in,ok,ok
irrawady.org,other_error,other_error
isaimovie.com,ok,timeout
isansar.com,ok,ok
ishanafilms.com,ok,ok
ishqbaaz.me,ok,timeout
islamabadtimesonline.com,other_error,other_error
island-cricket.com,ok,ok
iso.kickasstor.website,other_error,other_error
isohunt.kickass-torrents.club,other_error,other_error
isohunt.kickasstorrentz.rocks,other_error,other_error
isohunt.mobi,other_error,other_error
isohunt.to,ok,ok
isohunt.ytsproxy.website,other_error,other_error
isohunters.net,ok,ok
isohuntproxy.kickass-torrents.work,other_error,other_error
issuu.com,ok,ok
istreems.com,ok,timeout
ithaya.com.djkannan.com,other_error,other_error
itorrents.org,ok,ok
itsdjpunjab.in,other_error,other_error
itvhd.live,ok,ok
iwannawatch.org,ok,ok
iyify.com,ok,timeout
jaatdj.com,ok,ok
jafrianews.com,ok,timeout
jakasvids.xyz,ok,timeout
jalshamoviez.org,ok,ok
janjua.tv,ok,ok
janjuaplayer.com,ok,ok
japanesexxxtube.com,ok,ok
jasofts.wapka.mobi,timeout,timeout
jathmovies.biz,other_error,other_error
jattmovies.com,other_error,other_error
jattmovies.desi,other_error,other_error
jattmovies.online,ok,ok
jattmovies.org,other_error,other_error
jattmovies.site,ok,ok
jattmovies1.site,other_error,other_error
jattmovies1.xyz,other_error,other_error
jav-porn.net,ok,ok
jejemp3.com.ng,other_error,other_error
jheberg.net,other_error,other_error
jihadwatch.org,ok,ok
jiotube.net,other_error,other_error
jizzporntube.com,ok,ok
jlobster.com,ok,timeout
jokerplanete.com,timeout,timeout
jpangel101.tumblr.com,ok,ok
jrunk.tumblr.com,ok,ok
juicy-matures.com,ok,ok
juicygranny.com,ok,timeout
juicyindiangirls.com,ok,timeout
jumbofile.net,ok,ok
jumbofiles.com,other_error,other_error
junocloud.me,ok,ok
justpaste.it,ok,ok
justwatchfree.com,ok,ok
justwatchmovies.com,ok,ok
k2s.cc,ok,ok
kannadamovies.biz,ok,ok
kanyebay.co.uk,ok,ok
karodownload.com,other_error,other_error
kasamterepyaarki.co,other_error,other_error
kasamterepyaarki.com,ok,ok
kasamterepyaarki.me,ok,timeout
kasamterepyaarki.pk,other_error,other_error
kaskus.eu,other_error,other_error
kat.al,ok,ok
kat.am,ok,ok
kat.co.nz,ok,ok
kat.how,ok,ok
kat.proxybit.pw,ok,ok
kat.sitescrack.pw,ok,ok
kat.unblockproxy.pro,ok,ok
kat.unblockproxy.tech,other_error,other_error
kat.unlockme.online,ok,ok
katcr-co.bypassed.fyi,other_error,other_error
katcr-co.bypassed.gold,ok,ok
katcr-co.bypassed.info,ok,ok
katcr.bid,ok,ok
katcr.biz,ok,ok
katcr.bypassed.cab,ok,ok
katcr.bypassed.plus,ok,ok
katcr.bypassed.team,ok,ok
katcr.co,other_error,other_error
katcr.immunicity.cab,ok,timeout
katcr.immunicity.plus,ok,timeout
katcr.immunicity.team,ok,ok
katcr.to,ok,ok
katcr.unblocked.cab,ok,timeout
katcr.unblocked.plus,ok,timeout
katcr.unblocked.team,ok,timeout
katcrs.ws,ok,ok
katfile.com,ok,ok
katmoviehd.co.in,ok,ok
katmoviehd.org,ok,ok
katproxy.ai,other_error,other_error
katshore.org,other_error,other_error
kazisports.com,ok,timeout
kbagi.com,ok,ok
keep2share.cc,ok,ok
keeplinks.eu,ok,ok
kellydivine.co,ok,timeout
khan-tv.top,ok,ok
khantv.org,ok,ok
khantv.pw,ok,ok
kharasach.com,timeout,timeout
khatrhnaza.org,other_error,other_error
khatrhnaza4u.com,other_error,other_error
khatrhnazafull.com,other_error,other_error
khatri-maza.com,ok,timeout
khatriiive.in,other_error,other_error
khatrimaza.biz,ok,ok
khatrimaza.co.in,ok,ok
khatriuploads.pw,ok,ok
khirad.info,other_error,other_error
khu18.biz,ok,ok
kickass-cd.bypassed.cool,other_error,other_error
kickass-cd.bypassed.fyi,other_error,other_error
kickass-cd.bypassed.gold,ok,ok
kickass-cd.bypassed.works,ok,ok
kickass-cd.immunicity.cool,other_error,other_error
kickass-cd.immunicity.gold,ok,ok
kickass-cd.pbproxy.red,ok,ok
kickass-cd.unblocked.gold,ok,timeout
kickass.bypassed.cab,ok,timeout
kickass.bypassed.gold,ok,ok
kickass.bypassed.plus,ok,ok
kickass.cd,ok,ok
kickass.immunicity.cab,ok,timeout
kickass.immunicity.gold,ok,ok
kickass.immunicity.plus,ok,timeout
kickass.immunicity.team,ok,ok
kickass.soy,ok,ok
kickass.st,ok,ok
kickass.to,ok,ok
kickass.ukbypass.bid,other_error,other_error
kickass.ukbypass.info,ok,ok
kickass.ukbypass.men,ok,timeout
kickass.ukbypass.online,ok,ok
kickass.ukbypass.pro,ok,ok
kickass.ukbypass.pw,ok,timeout
kickass.ukbypass.space,other_error,other_error
kickass.ukbypass.tech,ok,timeout
kickass.ukbypass.top,other_error,other_error
kickass.ukbypass.us,ok,ok
kickass.ukunblock.bid,other_error,other_error
kickass.ukunblock.download,ok,ok
kickass.ukunblock.host,ok,timeout
kickass.ukunblock.loan,other_error,other_error
kickass.ukunblock.men,ok,ok
kickass.ukunblock.pw,ok,ok
kickass.ukunblock.space,other_error,other_error
kickass.ukunblock.win,ok,ok
kickass.unblockall.xyz,ok,ok
kickass.unblocked.at,ok,ok
kickass.unblocked.bet,ok,ok
kickass.unblocked.cab,ok,timeout
kickass.unblocked.cam,ok,ok
kickass.unblocked.cat,ok,ok
kickass.unblocked.gold,ok,timeout
kickass.unblocked.live,ok,ok
kickass.unblocked.onl,ok,ok
kickass.unblocked.plus,ok,timeout
kickass.unblocked.team,ok,ok
kickass.unblocked.tw,ok,ok
kickass.unblocked.vip,ok,ok
kickass.unlockpro.accountant,other_error,other_error
kickass.unlockpro.bid,ok,ok
kickass.unlockpro.club,ok,ok
kickass.unlockpro.cricket,ok,timeout
kickass.unlockpro.download,ok,ok
kickass.unlockpro.faith,ok,timeout
kickass.unlockpro.host,ok,timeout
kickass.unlockpro.loan,other_error,other_error
kickass.unlockpro.party,ok,ok
kickass.unlockpro.racing,ok,ok
kickass.unlockpro.review,other_error,other_error
kickass.unlockpro.top,other_error,other_error
kickass.unlockpro.win,ok,ok
kickass.unlockproject.bid,other_error,other_error
kickass.unlockproject.co,ok,ok
kickass.unlockproject.cricket,other_error,other_error
kickass.unlockproject.date,other_error,other_error
kickass.unlockproject.host,other_error,other_error
kickass.unlockproject.info,ok,ok
kickass.unlockproject.oniine.,other_error,other_error
kickass.unlockproject.pw,other_error,other_error
kickass.unlockproject.racing,other_error,other_error
kickass.unlockproject.review,other_error,other_error
kickass.unlockproject.science,other_error,other_error
kickass.unlockproject.space,ok,ok
kickass.unlockproject.tech,other_error,other_error
kickass.unlockproject.trade,other_error,other_error
kickass.unlockproject.webcam,other_error,other_error
kickass.unlockproject.win,ok,ok
kickass.usbypass.bid,other_error,other_error
kickass.usbypass.club,other_error,other_error
kickass.usbypass.download,other_error,other_error
kickass.usbypass.faith,other_error,other_error
kickass.usbypass.info,ok,ok
kickass.usbypass.men,ok,timeout
kickass.usbypass.online,ok,ok
kickass.usbypass.pw,other_error,other_error
kickass.usbypass.tech,ok,timeout
kickass.usunblock.men,ok,ok
kickass.usunblock.pro,ok,timeout
kickass.usunblock.win,ok,timeout
kickass1.bypassed.gold,ok,ok
kickass1.immunicity.gold,ok,ok
kickass1.unblocked.gold,ok,timeout
kickass2.bypassed.gold,ok,ok
kickass2.immunicity.gold,ok,ok
kickass2.org,ok,ok
kickass2.unblocked.gold,ok,timeout
kickass5-cd.unblocked.lol,ok,ok
kickassmovietorrent.eu,other_error,other_error
kickassmovietorrents.com,ok,timeout
kickasstop.net,ok,ok
kickasstor.net,ok,timeout
kickasstorrent.email,ok,ok
kickasstorrents.come.in,other_error,other_error
kickasstorrents.email,ok,ok
kickasstorrents.to,ok,ok
kickasstorrentsam.com,ok,ok
kickassunblock.net,ok,ok
kingboss.co,ok,timeout
kingboss.in,ok,ok
kingvid.tv,ok,ok
kirtu.com,ok,ok
knaben.co,ok,ok
koolmoviez.in,other_error,other_error
kproxy.com,ok,ok
kqjf3r1ubj.1fichier.com,ok,ok
kumkumbhagya.tv,other_error,other_error
kumpulmovieindo.co,ok,ok
l23moviesonlines.in,other_error,other_error
l337x.ukunblock.faith,other_error,other_error
lahorecinema.com,ok,ok
laliga-live.to,ok,timeout
lampza.com,ok,ok
lankantv.net,ok,ok
largeporntube.com,ok,ok
lateastmoviesfree.info,other_error,other_error
latestindianmoviesonlines.blogspot.in,ok,ok
latestmoviesdownload.org,other_error,other_error
latestmovieslive.net,ok,ok
latestmovis.com,other_error,other_error
latestonlinemovie.co,ok,timeout
latestonlinemovie.info,ok,ok
latestonlinemovie.net,ok,timeout
lbrodtv.net,other_error,other_error
legalporno.com,ok,ok
legitorrent.com,ok,timeout
lemuploads.com,ok,ok
lenawethole.com,ok,timeout
lesoleildelanuit.wf,other_error,other_error
letitbit.net,other_error,other_error
letwatch.to,ok,ok
letwatch.us,ok,ok
lewd-babes.com,ok,ok
life-sport.org,ok,ok
liferim.com,ok,timeout
likewap.net,ok,ok
likewap.site,ok,ok
likewapcom.net,other_error,other_error
likewapmovies.com,ok,ok
lime.unbanthe.com,ok,timeout
lime.unblocked.io,other_error,other_error
limestorrent.com,other_error,other_error
limetor.co,ok,ok
limetor.com,ok,ok
limetor.net,ok,timeout
limetor.ru,other_error,other_error
limetorrentlink.net,other_error,other_error
limetorrentlinked.com,other_error,other_error
limetorrentlinks.com,other_error,other_error
limetorrents.adtwik.com,ok,timeout
limetorrents.bypassed.bid,ok,ok
limetorrents.bypassed.cc,ok,ok
limetorrents.bypassed.club,other_error,other_error
limetorrents.bypassed.cool,other_error,other_error
limetorrents.bypassed.date,ok,ok
limetorrents.bypassed.download,ok,ok
limetorrents.bypassed.faith,ok,ok
limetorrents.bypassed.fyi,other_error,other_error
limetorrents.bypassed.gold,ok,ok
limetorrents.bypassed.host,other_error,other_error
limetorrents.bypassed.info,ok,ok
limetorrents.bypassed.live,ok,ok
limetorrents.bypassed.me,ok,ok
limetorrents.bypassed.men,ok,ok
limetorrents.bypassed.org,timeout,timeout
limetorrents.bypassed.party,ok,ok
limetorrents.bypassed.pw,ok,ok
limetorrents.bypassed.red,ok,ok
limetorrents.bypassed.run,ok,ok
limetorrents.bypassed.site,ok,ok
limetorrents.bypassed.today,ok,ok
limetorrents.bypassed.top,ok,ok
limetorrents.bypassed.video,other_error,other_error
limetorrents.bypassed.website,other_error,other_error
limetorrents.bypassed.win,ok,ok
limetorrents.bypassed.works,ok,ok
limetorrents.bypassed.world,ok,timeout
limetorrents.cc,ok,ok
limetorrents.co,ok,ok
limetorrents.com,ok,ok
limetorrents.filessoo.com,ok,ok
limetorrents.immunicity.cc,ok,ok
limetorrents.immunicity.cool,other_error,other_error
limetorrents.immunicity.fyi,ok,ok
limetorrents.immunicity.gold,ok,ok
limetorrents.immunicity.live,ok,ok
limetorrents.immunicity.ltd,ok,ok
limetorrents.immunicity.men,ok,ok
limetorrents.immunicity.party,ok,ok
limetorrents.immunicity.red,ok,ok
limetorrents.immunicity.run,ok,ok
limetorrents.immunicity.stream,other_error,other_error
limetorrents.immunicity.today,ok,ok
limetorrents.immunicity.video,other_error,other_error
limetorrents.immunicity.worka.,other_error,other_error
limetorrents.immunicity.world,ok,ok
limetorrents.info,ok,ok
limetorrents.oceanmes.com,other_error,other_error
limetorrents.openlibrary.online,ok,ok
limetorrents.proxydesk.eu,other_error,other_error
limetorrents.ukbypass.bid,other_error,other_error
limetorrents.ukbypass.pw,ok,timeout
limetorrents.ukbypass.win,ok,ok
limetorrents.unblockall.xyz,ok,ok
limetorrents.unblocked.at,ok,ok
limetorrents.unblocked.bet,ok,ok
limetorrents.unblocked.blue,other_error,other_error
limetorrents.unblocked.cam,ok,ok
limetorrents.unblocked.cat,ok,ok
limetorrents.unblocked.cool,other_error,other_error
limetorrents.unblocked.fvi.,other_error,other_error
limetorrents.unblocked.gold,ok,ok
limetorrents.unblocked.la,ok,ok
limetorrents.unblocked.li,ok,ok
limetorrents.unblocked.live,ok,ok
limetorrents.unblocked.ltd,ok,ok
limetorrents.unblocked.one,ok,ok
limetorrents.unblocked.onl,ok,ok
limetorrents.unblocked.party,ok,timeout
limetorrents.unblocked.pw,ok,ok
limetorrents.unblocked.run,ok,ok
limetorrents.unblocked.stream,ok,timeout
limetorrents.unblocked.today,ok,ok
limetorrents.unblocked.tw,ok,ok
limetorrents.unblocked.uno,ok,ok
limetorrents.unblocked.video,other_error,other_error
limetorrents.unblocked.vip,ok,ok
limetorrents.unblocked.world,ok,ok
limetorrents.unblocker.cc,ok,timeout
limetorrents.unblockmy.host,ok,ok
limetorrents.unlocktor.eu,other_error,other_error
limetorrents.website,ok,ok
limetorrents1.bypassed.gold,ok,ok
limetorrents1.immunicity.gold,ok,ok
limetorrents1.unblocked.gold,ok,timeout
limetorrents2.bypassed.gold,ok,ok
limetorrents2.immunicity.gold,ok,ok
limetorrents2.unblocked.gold,ok,timeout
limetorrenturl.com,ok,timeout
limetorrenturls.com,ok,timeout
link2download.net,ok,ok
lisaannlovers11.tumblr.com,ok,ok
live-24-tv.com,ok,ok
live-sport.crichd.com,other_error,other_error
live-sports.crichd.be,other_error,other_error
live-sports.crichd.com,ok,ok
live.batmanstream.com,ok,ok
live.drakulastream.eu,other_error,other_error
live.extracover.pw,ok,ok
live.hqlive.pw,other_error,other_error
live.iplstream.in,ok,ok
live.khantv.tv,ok,ok
live.livewidget.net,ok,ok
live.mylivecricket.tv,ok,ok
live.ptvsports.pk,ok,ok
live.robinwidget.com,ok,timeout
live.robinwidget.org,ok,timeout
live.shwidget.com,other_error,other_error
live.sugarbbw.com,other_error,other_error
live.watchcric.org,ok,timeout
live2all.co,ok,ok
live2all.com,ok,ok
live2all.me,ok,ok
live2all.nct.,other_error,other_error
live2all.tv,ok,ok
live2sport.com,ok,ok
livecricfun.in,ok,ok
livecricket.is,ok,ok
livecricket.live,ok,ok
livecrickethd.org,other_error,other_error
livecricketstreaming.net,ok,ok
livecricketz.net,ok,timeout
livecricketz.org,ok,ok
livecricz.com,ok,ok
livedemo.safersurf.com,ok,ok
liveflash.tv,ok,ok
liveflashplayer.net,other_error,other_error
livefreetvstreaming.com,ok,timeout
liveleak.com,ok,ok
liveonlinetv247.infc.,other_error,other_error
liveonlinetv247.info,ok,ok
liverealsport.com,other_error,other_error
